"player","class","pos","team","x3_p_s","slasher","ball_dominant","playmaker","perim_defender","oreb","dreb","Dim.1","Dim.2","Dim.3","Dim.4"
"Anthony Edwards","NBA","G","MIN",0.501915708812261,0.639846743295019,0.931034482758621,0.383141762452107,0.490421455938697,0.509578544061303,0.812260536398467,0.68898469162586,-0.56741835820569,-0.853692747023396,1.36979567131
"DeMar DeRozan","NBA","G-F","CHISAS",0.0153256704980843,0.996168582375479,0.950191570881226,0.716475095785441,0.53639846743295,0.310344827586207,0.708812260536398,2.40597193053126,-1.68051881724342,-0.184274420801438,0.412859211858282
"Buddy Hield","NBA","G-F","INDSAC",0.954022988505747,0.0957854406130268,0.670498084291188,0.367816091954023,0.210727969348659,0.509578544061303,0.793103448275862,-1.6489566003041,0.107181323477115,-0.688018998051969,1.82395786856887
"RJ Barrett","NBA","G-F","NYK",0.256704980842912,0.862068965517241,0.885057471264368,0.191570881226054,0.14176245210728,0.636015325670498,0.842911877394636,1.13269484583222,-0.844369071928733,-2.38052639326972,0.726462509299493
"Trae Young","NBA","G","ATL",0.340996168582375,0.942528735632184,0.996168582375479,0.992337164750958,0.0996168582375479,0.42911877394636,0.130268199233716,1.20442291331245,-2.94473273992338,-0.00311093570673549,-0.609525652201935
"Dejounte Murray","NBA","G","ATLSAS",0.130268199233716,0.770114942528736,0.865900383141762,0.869731800766284,0.919540229885057,0.636015325670498,0.969348659003831,2.88024978994296,-0.0511995971422048,0.557438377767742,1.34677831951458
"Russell Westbrook","NBA","G","LACLALWAS",0.0842911877394636,0.969348659003831,0.946360153256705,0.973180076628352,0.624521072796935,0.885057471264368,0.992337164750958,3.51245854760169,-0.506515816910908,-0.311669971127543,1.24408599988139
"Zach LaVine","NBA","G-F","CHI",0.505747126436782,0.747126436781609,0.954022988505747,0.505747126436782,0.222222222222222,0.153256704980843,0.727969348659004,0.304874548147617,-1.88136735874086,-0.660308775038225,1.176294960883
"Terry Rozier","NBA","G","CHO",0.681992337164751,0.436781609195402,0.85823754789272,0.613026819923372,0.39463601532567,0.452107279693487,0.46360153256705,-0.28526386247642,-0.996306476854184,0.0429126011330448,0.788446493437224
"Luka Dončić","NBA","G-F","DAL",0.409961685823755,0.881226053639847,1,0.980842911877395,0.869731800766284,0.597701149425287,1,2.71392197652607,-0.550562895935147,0.741884345777434,1.95640273101443
"Fred VanVleet","NBA","G","TOR",0.793103448275862,0.375478927203065,0.804597701149425,0.850574712643678,0.850574712643678,0.153256704980843,0.567049808429119,-0.136127188223552,-0.701287773140545,1.90132952793438,1.42012574700133
"Darius Garland","NBA","G","CLE",0.455938697318008,0.689655172413793,0.908045977011494,0.954022988505747,0.32183908045977,0.114942528735632,0.0421455938697318,0.209788916259672,-2.75102685670125,1.07220217704144,-0.540826570496225
"Kentavious Caldwell-Pope","NBA","G","DENLALWAS",0.704980842911877,0.409961685823755,0.295019157088123,0.260536398467433,0.773946360153257,0.268199233716475,0.14176245210728,-1.24982555030821,0.467764084266827,0.79365358985288,-0.892338310557842
"Jalen Brunson","NBA","G","DALNYK",0.237547892720307,0.865900383141762,0.789272030651341,0.789272030651341,0.432950191570881,0.268199233716475,0.486590038314176,1.38014099612587,-1.69476732493373,0.272024650953623,-0.0311653177861603
"De'Aaron Fox","NBA","G","SAC",0.118773946360153,0.950191570881226,0.96551724137931,0.839080459770115,0.302681992337165,0.210727969348659,0.440613026819923,1.68703571637203,-2.54349134111395,0.018004501925894,-0.0900469130817506
"Kevin Huerter","NBA","G","ATLSAC",0.789272030651341,0.210727969348659,0.46360153256705,0.478927203065134,0.578544061302682,0.310344827586207,0.35632183908046,-1.37412490174117,0.0969488150301685,0.778195999177668,0.216288542054059
"Donovan Mitchell","NBA","G","CLEUTA",0.647509578544061,0.609195402298851,0.992337164750958,0.616858237547893,0.704980842911877,0.685823754789272,0.383141762452107,0.678399397530247,-0.657676666484662,0.20056011196443,0.632262749614047
"Devin Booker","NBA","G","PHO",0.275862068965517,0.85823754789272,0.984674329501916,0.559386973180077,0.413793103448276,0.386973180076628,0.681992337164751,1.43029173267908,-1.52034661568065,-0.649957975752986,0.732439604525807
"Keldon Johnson","NBA","G","SAS",0.302681992337165,0.773946360153257,0.766283524904215,0.0919540229885057,0.103448275862069,0.789272030651341,0.911877394636015,0.88796466718586,-0.165516402385202,-2.77252910692671,0.767446145582963
"CJ McCollum","NBA","G","NOPPOR",0.659003831417625,0.505747126436782,0.915708812260536,0.731800766283525,0.283524904214559,0.509578544061303,0.501915708812261,0.0500880419270371,-1.32034536667832,-0.0936698607535892,0.904373266129774
"Gary Trent Jr.","NBA","G","PORTOR",0.762452107279693,0.398467432950192,0.697318007662835,0.0153256704980843,0.60536398467433,0.103448275862069,0.0651340996168582,-1.85454873895398,-0.727739244423561,-0.0146998860511111,-0.470455287676002
"Tyrese Haliburton","NBA","G","INDSAC",0.609195402298851,0.501915708812261,0.620689655172414,0.977011494252874,0.731800766283525,0.452107279693487,0.260536398467433,0.411860556455068,-0.588705680244623,1.70246228007884,-0.0566944632000589
"Stephen Curry","NBA","G","GSW",0.911877394636015,0.386973180076628,0.984674329501916,0.823754789272031,0.724137931034483,0.268199233716475,0.881226053639847,0.0309089532843424,-0.718217837314306,1.19311548571717,2.61349551076282
"Jrue Holiday","NBA","G","MIL",0.421455938697318,0.632183908045977,0.804597701149425,0.896551724137931,0.796934865900383,0.808429118773946,0.46360153256705,1.66690921417611,-0.174188236028792,0.767572532196286,0.334054085913885
"Bojan Bogdanović","NBA","G-F","DETUTA",0.597701149425287,0.670498084291188,0.831417624521073,0.0459770114942529,0.114942528735632,0.509578544061303,0.517241379310345,-0.539247548218317,-0.931072146388565,-2.04925464344314,0.333286074201772
"Chris Paul","NBA","G","PHO",0.206896551724138,0.789272030651341,0.64367816091954,1,0.954022988505747,0.0804597701149425,0.766283524904215,2.03143233725872,-0.753329229250113,1.92424574407493,0.729599929428989
"Reggie Bullock","NBA","G-F","DALNYK",0.934865900383142,0.0306513409961686,0.0459770114942529,0.172413793103448,0.597701149425287,0.114942528735632,0.632183908045977,-2.53069893801464,1.4118873831405,0.631427321386836,0.551783046837775
"James Harden","NBA","G","BRKHOUPHI",0.42911877394636,0.904214559386973,0.911877394636015,0.996168582375479,0.781609195402299,0.509578544061303,0.977011494252874,2.48189950380049,-0.694941657260836,0.782004527858292,1.77233327320388
"Tyler Herro","NBA","G","MIA",0.593869731800766,0.509578544061303,0.900383141762452,0.540229885057471,0.272030651340996,0.153256704980843,0.9272030651341,-0.0625829357533382,-1.30622270544601,-0.393669154461986,1.9283524840215
"Jordan Clarkson","NBA","G","UTA",0.693486590038314,0.363984674329502,0.942528735632184,0.340996168582375,0.168582375478927,0.766283524904215,0.383141762452107,-0.67176668782869,-0.784243065124086,-1.35299259956503,0.556217832872068
"Ja Morant","NBA","G","MEM",0.0996168582375479,0.977011494252874,0.977011494252874,0.931034482758621,0.494252873563218,0.766283524904215,0.747126436781609,2.97688239171576,-1.17349664558833,-0.357499122946187,0.6415807392129
"Marcus Smart","NBA","G","BOS",0.513409961685824,0.467432950191571,0.46360153256705,0.862068965517241,0.938697318007663,0.509578544061303,0.187739463601533,0.499386319338833,0.176402838217216,1.88072122865547,-0.601945879155625
"Isaac Okoro","NBA","G-F","CLE",0.187739463601533,0.766283524904215,0.0957854406130268,0.283524904214559,0.743295019157088,0.789272030651341,0.0651340996168582,0.769969888204835,1.15331509091076,-0.214870774632995,-2.45172511892746
"Dennis Schröder","NBA","G","BOSHOULAL",0.164750957854406,0.873563218390805,0.670498084291188,0.777777777777778,0.559386973180077,0.153256704980843,0.206896551724138,1.18603574609462,-1.73981756665944,0.848840553800831,-1.00558596498107
"Jordan Poole","NBA","G","GSW",0.651340996168582,0.528735632183908,0.919540229885057,0.563218390804598,0.203065134099617,0.153256704980843,0.168582375478927,-0.872702962564768,-2.23696578935112,0.0321105297165608,0.00665276882248333
"Desmond Bane","NBA","G","MEM",0.777777777777778,0.421455938697318,0.735632183908046,0.421455938697318,0.655172413793103,0.42911877394636,0.766283524904215,-0.274366119791585,0.130685239623337,0.080170996766961,1.52674187637228
"Tyrese Maxey","NBA","G","PHI",0.390804597701149,0.743295019157088,0.724137931034483,0.574712643678161,0.272030651340996,0.0613026819923372,0.168582375478927,-0.114256977551597,-2.13021102388699,0.152373771834716,-0.750793169236475
"Josh Hart","NBA","G","NOPNYKPOR",0.203065134099617,0.804597701149425,0.199233716475096,0.609195402298851,0.812260536398467,0.9272030651341,0.996168582375479,2.3493541766564,1.89160100686441,-0.21984425708016,0.262378036272377
"Mike Conley","NBA","G","MINUTA",0.773946360153257,0.432950191570881,0.597701149425287,0.900383141762452,0.877394636015326,0.452107279693487,0.111111111111111,-0.124560597853322,-0.301882039930567,2.05478674000999,-0.219409873417236
"Derrick White","NBA","G","BOSSAS",0.490421455938697,0.555555555555556,0.574712643678161,0.71264367816092,0.804597701149425,0.360153256704981,0.383141762452107,0.481229862013002,-0.249787961534382,1.21974440253159,-0.0539926674383511
"D'Angelo Russell","NBA","G","LALMIN",0.71264367816092,0.482758620689655,0.865900383141762,0.873563218390805,0.260536398467433,0.114942528735632,0.168582375478927,-0.722906365363293,-2.3205257599619,0.979322007010043,0.167442139265893
"Damian Lillard","NBA","G","POR",0.739463601532567,0.697318007662835,0.977011494252874,0.881226053639847,0.103448275862069,0.210727969348659,0.609195402298851,0.0658367269597939,-2.36506540656591,0.096515776428177,1.3311691631284
"Coby White","NBA","G","CHI",0.758620689655172,0.275862068965517,0.628352490421456,0.597701149425287,0.272030651340996,0.0613026819923372,0.659003831417625,-1.25378055300653,-0.976872340026612,0.420526567634367,1.21847596830106
"Shai Gilgeous-Alexander","NBA","G","OKC",0.0766283524904215,0.992337164750958,0.969348659003831,0.781609195402299,0.881226053639847,0.386973180076628,0.697318007662835,2.78973413036953,-1.1206149699053,0.56085175460247,0.576390985225039
"Reggie Jackson","NBA","G","DENLAC",0.563218390804598,0.425287356321839,0.793103448275862,0.666666666666667,0.264367816091954,0.268199233716475,0.283524904214559,-0.559833143764579,-1.60926461604952,0.248414000998706,0.0976927740678352
"Bruce Brown","NBA","G-F","BRKDEN",0.111111111111111,0.869731800766284,0.32183908045977,0.440613026819923,0.865900383141762,0.946360153256705,0.842911877394636,2.44760142451341,1.66619775160801,-0.577701272220577,-0.169903230695887
"Caris LeVert","NBA","G-F","BRKCLEIND",0.310344827586207,0.720306513409962,0.804597701149425,0.647509578544061,0.590038314176245,0.597701149425287,0.590038314176245,1.42619608168251,-0.585017452412764,-0.114899196732884,0.374543541105231
"Luguentz Dort","NBA","G","OKC",0.551724137931034,0.551724137931034,0.681992337164751,0.0383141762452107,0.318007662835249,0.831417624521073,0.35632183908046,-0.367833242317562,0.139508636034205,-1.84709633719516,-0.330693788780184
"Kyle Lowry","NBA","G","MIATOR",0.731800766283525,0.39463601532567,0.498084291187739,0.915708812260536,0.762452107279693,0.452107279693487,0.766283524904215,0.339136420198826,0.39752131717449,1.49421870267815,1.30986787508946
"Terance Mann","NBA","G-F","LAC",0.222222222222222,0.78544061302682,0.272030651340996,0.467432950191571,0.616858237547893,0.911877394636015,0.78544061302682,1.74379757857759,1.35144232372593,-0.776591890805183,-0.232343235374949
"Immanuel Quickley","NBA","G","NYK",0.639846743295019,0.544061302681992,0.743295019157088,0.601532567049808,0.620689655172414,0.452107279693487,0.659003831417625,0.322832983209514,-0.304819525405746,0.303915065553739,1.03904334592805
"Tim Hardaway Jr.","NBA","G","DAL",0.842911877394636,0.256704980842912,0.716475095785441,0.0689655172413793,0.176245210727969,0.0421455938697318,0.64367816091954,-2.15239277557593,-0.846778127187849,-0.907470591997933,1.23368509369486
"Scottie Barnes","NBA","G-F","TOR",0.0574712643678161,0.911877394636015,0.593869731800766,0.586206896551724,0.632183908045977,0.992337164750958,0.881226053639847,2.81197778622785,0.68103798586032,-1.00138644545669,0.245990229450243
"Malik Beasley","NBA","G","LALMINUTA",0.961685823754789,0.0689655172413793,0.666666666666667,0.0574712643678161,0.122605363984674,0.268199233716475,0.609195402298851,-2.60827234711034,-0.297944827477685,-1.0976075325094,1.28660413060469
"Deni Avdija","NBA","G-F","WAS",0.272030651340996,0.582375478927203,0.24904214559387,0.402298850574713,0.754789272030651,0.724137931034483,0.988505747126437,1.29805560381503,1.74602514247922,-0.382528362858552,0.530215083091336
"Bradley Beal","NBA","G","WAS",0.145593869731801,0.919540229885057,0.973180076628352,0.662835249042146,0.195402298850575,0.724137931034483,0.35632183908046,1.75375019422319,-1.78697411034542,-1.16135855548722,-0.448076456661731
"Norman Powell","NBA","G","LACPORTOR",0.53639846743295,0.777777777777778,0.823754789272031,0.0421455938697318,0.348659003831418,0.268199233716475,0.233716475095785,-0.528555514543297,-1.3375085449773,-1.20225867206601,-0.479455237828706
"Kyrie Irving","NBA","G","BRKDAL",0.521072796934866,0.655172413793103,0.957854406130268,0.739463601532567,0.444444444444444,0.636015325670498,0.574712643678161,0.990703842146924,-1.0499784015832,-0.166565831543335,0.885217516019106
"LaMelo Ball","NBA","G","CHO",0.689655172413793,0.517241379310345,0.938697318007663,0.950191570881226,0.789272030651341,0.862068965517241,0.942528735632184,1.58952242030367,0.224095801363908,0.623885315577024,2.24496683783504
"Devonte' Graham","NBA","G","CHONOPSAS",0.919540229885057,0.130268199233716,0.586206896551724,0.766283524904215,0.348659003831418,0.153256704980843,0.0766283524904215,-2.02061608846701,-1.19818699086529,1.41121761921623,-0.0170792801689186
"Monte Morris","NBA","G","DENWAS",0.402298850574713,0.524904214559387,0.340996168582375,0.804597701149425,0.390804597701149,0.103448275862069,0.272030651340996,-0.238228291428426,-1.00268507661363,1.13763616579069,-0.804603209130772
"Franz Wagner","NBA","G-F","ORL",0.191570881226054,0.81992337164751,0.743295019157088,0.475095785440613,0.459770114942529,0.735632183908046,0.524904214559387,1.55704696315909,-0.458673563048224,-0.976444514238669,-0.241022081713536
"Grayson Allen","NBA","G","MEMMIL",0.873563218390805,0.149425287356322,0.24904214559387,0.310344827586207,0.685823754789272,0.509578544061303,0.333333333333333,-1.66767869022905,1.22762880112039,0.574461507865164,-0.108097235671811
"Will Barton","NBA","G","DENTORWAS",0.582375478927203,0.440613026819923,0.597701149425287,0.498084291187739,0.329501915708812,0.42911877394636,0.747126436781609,-0.205657852930833,-0.233697337493886,-0.401164327287508,0.949034940420021
"Duncan Robinson","NBA","G-F","MIA",0.992337164750958,0.0153256704980843,0.383141762452107,0.176245210727969,0.306513409961686,0.0229885057471264,0.425287356321839,-3.04990555576315,-0.0652834540276552,0.17559917051165,0.575224785092175
"Seth Curry","NBA","G","BRKPHI",0.781609195402299,0.306513409961686,0.46360153256705,0.471264367816092,0.35632183908046,0.0268199233716475,0.10727969348659,-1.9540344556158,-1.02596737229123,0.798030274476437,-0.50803639873303
"Anfernee Simons","NBA","G","POR",0.865900383141762,0.24904214559387,0.800766283524904,0.528735632183908,0.00766283524904215,0.0804597701149425,0.130268199233716,-2.22190617364257,-2.12834581867359,0.0521900037131603,0.161258559548927
"Josh Richardson","NBA","G","BOSDALNOPSAS",0.544061302681992,0.452107279693487,0.455938697318008,0.398467432950192,0.689655172413793,0.685823754789272,0.206896551724138,-0.176485669213972,0.548857783481944,0.152349147484589,-0.772937409361667
"Cole Anthony","NBA","G","ORL",0.337164750957854,0.754789272030651,0.81992337164751,0.812260536398467,0.379310344827586,0.578544061302682,0.9272030651341,1.72878522987216,-0.795080145130568,-0.366960841914029,1.31588850398407
"Malcolm Brogdon","NBA","G","BOSIND",0.467432950191571,0.685823754789272,0.842911877394636,0.762452107279693,0.467432950191571,0.685823754789272,0.804597701149425,1.40109770760387,-0.523139316041592,-0.266921390351558,1.22348461394492
"De'Anthony Melton","NBA","G","MEMPHI",0.81992337164751,0.241379310344828,0.498084291187739,0.490421455938697,0.977011494252874,0.789272030651341,0.835249042145594,0.0311595036128127,1.86518424293099,0.618675026312678,1.53592221743182
"Miles Bridges","NBA","G-F","CHO",0.360153256704981,0.659003831417625,0.636015325670498,0.409961685823755,0.517241379310345,0.808429118773946,0.954022988505747,1.33688038683752,0.636781014229045,-1.13612778997255,1.03316585718318
"Spencer Dinwiddie","NBA","G","BRKDALWAS",0.46360153256705,0.708812260536398,0.701149425287356,0.85823754789272,0.344827586206897,0.210727969348659,0.524904214559387,0.576364168018043,-1.57262279792672,0.573576110102048,0.357060826164672
"Kevin Porter Jr.","NBA","G","HOU",0.559386973180077,0.601532567049808,0.839080459770115,0.865900383141762,0.206896551724138,0.701149425287356,0.689655172413793,0.840264643807822,-1.00096611926732,-0.379937009944013,1.06947151107177
"Jalen Green","NBA","G","HOU",0.471264367816092,0.701149425287356,0.896551724137931,0.32183908045977,0.0114942528735632,0.210727969348659,0.295019157088123,-0.519873015911415,-2.23563541132301,-1.22464420559091,-0.194416426412835
"Malik Monk","NBA","G","CHOLALSAC",0.727969348659004,0.390804597701149,0.766283524904215,0.582375478927203,0.168582375478927,0.310344827586207,0.46360153256705,-0.929096528779681,-1.30247600250827,-0.173512984885928,0.709223864872305
"Donte DiVincenzo","NBA","G","GSWMILSAC",0.839080459770115,0.14176245210728,0.340996168582375,0.590038314176245,0.888888888888889,0.885057471264368,0.85823754789272,-0.127552568488158,2.23427472328583,0.695633294047632,1.44218719755208
"Tyus Jones","NBA","G","MEM",0.432950191570881,0.494252873563218,0.375478927203065,0.923371647509579,0.85823754789272,0.114942528735632,0.314176245210728,0.325383904819694,-0.373268280347872,2.27963140975584,-0.434525428096262
"Pat Connaughton","NBA","G","MIL",0.896551724137931,0.0459770114942529,0.10727969348659,0.149425287356322,0.743295019157088,0.781609195402299,0.900383141762452,-1.29309974560566,2.85580858492197,-0.240333007050511,1.1669204519035
"Alec Burks","NBA","G","DETNYK",0.743295019157088,0.64367816091954,0.613026819923372,0.459770114942529,0.808429118773946,0.360153256704981,0.919540229885057,0.402886361200924,0.437185401105441,0.366410620391847,1.59818434177444
"Bogdan Bogdanović","NBA","G","ATL",0.869731800766284,0.176245210727969,0.651340996168582,0.448275862068966,0.590038314176245,0.210727969348659,0.582375478927203,-1.40291206786385,-0.132297227513639,0.666093062479133,1.25065675659409
"Patty Mills","NBA","G","BRKSAS",0.946360153256705,0.0651340996168582,0.402298850574713,0.379310344827586,0.111111111111111,0.0268199233716475,0.00766283524904215,-3.1992048516161,-1.05015178451654,0.456099956165587,-0.566049107166247
"Killian Hayes","NBA","G","DET",0.14176245210728,0.574712643678161,0.486590038314176,0.904214559386973,0.731800766283525,0.153256704980843,0.440613026819923,1.09765410533145,-0.733699619558231,1.58980319646914,-0.405594813769474
"Luke Kennard","NBA","G","LACMEM",0.950191570881226,0.103448275862069,0.306513409961686,0.337164750957854,0.452107279693487,0.0613026819923372,0.590038314176245,-2.31823479850287,0.318577215289377,0.627102344707691,0.853315612091376
"Lonnie Walker IV","NBA","G","LALSAS",0.528735632183908,0.455938697318008,0.681992337164751,0.10727969348659,0.187739463601533,0.0421455938697318,0.233716475095785,-1.53589161010016,-1.45191710697334,-0.79968821290785,-0.438567397502391
"Eric Gordon","NBA","G-F","HOULAC",0.655172413793103,0.478927203065134,0.574712643678161,0.425287356321839,0.0459770114942529,0.0268199233716475,0.0114942528735632,-1.78092710842609,-1.95980464266993,-0.0800772553812779,-0.961055732468471
"Delon Wright","NBA","G","ATLDETSACWAS",0.264367816091954,0.681992337164751,0.114942528735632,0.800766283524904,0.992337164750958,0.865900383141762,0.659003831417625,1.97823612707558,1.84833900235434,1.01545903154327,-0.470350536618875
"Max Strus","NBA","G","MIA",0.942528735632184,0.0421455938697318,0.421455938697318,0.222222222222222,0.268199233716475,0.360153256704981,0.501915708812261,-2.42545104463126,0.34518577171368,-0.34618825663752,0.684327325618908
"Torrey Craig","NBA","G-F","INDMILPHO",0.547892720306513,0.260536398467433,0.14176245210728,0.21455938697318,0.720306513409962,0.988505747126437,0.9272030651341,0.089783752440922,2.78577702047426,-0.761795287670755,0.655631111325375
"Cory Joseph","NBA","G","DETSAC",0.379310344827586,0.666666666666667,0.241379310344828,0.846743295019157,0.540229885057471,0.386973180076628,0.206896551724138,0.463483697962767,-0.333018861845059,1.15678625036803,-1.28166604732695
"Ayo Dosunmu","NBA","G","CHI",0.160919540229885,0.613026819923372,0.18007662835249,0.593869731800766,0.662835249042146,0.360153256704981,0.233716475095785,0.553111628312913,0.173150688020347,0.796944848150586,-1.60729552531873
"Shake Milton","NBA","G","PHI",0.183908045977011,0.793103448275862,0.647509578544061,0.670498084291188,0.291187739463602,0.636015325670498,0.295019157088123,1.203736371311,-1.06277089112633,-0.517004420010034,-0.933670646340113
"Matisse Thybulle","NBA","G","PHIPOR",0.413793103448276,0.226053639846743,0.00383141762452107,0.233716475095785,1,0.701149425287356,0.0804597701149425,-0.61053124001928,2.15282939165508,0.780178996559543,-1.81209330624076
"Devin Vassell","NBA","G-F","SAS",0.616858237547893,0.383141762452107,0.559386973180077,0.272030651340996,0.670498084291188,0.310344827586207,0.823754789272031,-0.387419362569777,0.505585693078201,-0.0690028878000317,1.2000890917799
"Talen Horton-Tucker","NBA","G-F","LALUTA",0.10727969348659,0.812260536398467,0.724137931034483,0.659003831417625,0.773946360153257,0.597701149425287,0.659003831417625,2.19333227304272,-0.207923257644061,0.10274585909418,0.146389581681421
"Patrick Beverley","NBA","G","CHILACLALMIN",0.666666666666667,0.32183908045977,0.114942528735632,0.689655172413793,0.911877394636015,0.781609195402299,0.674329501915709,0.257332591696503,2.10438988382414,1.14635407284673,0.313665217398385
"Joe Harris","NBA","G","BRK",0.973180076628352,0.0574712643678161,0.245210727969349,0.187739463601533,0.245210727969349,0.360153256704981,0.333333333333333,-2.77804108126375,0.532450335118558,-0.247050498201543,-0.0253266917340452
"Evan Fournier","NBA","G-F","BOSNYKORL",0.885057471264368,0.21455938697318,0.670498084291188,0.363984674329502,0.551724137931034,0.0613026819923372,0.14176245210728,-2.0617987717521,-0.870027496836047,0.859855319356513,0.103897460758437
"Josh Giddey","NBA","G","OKC",0.0804597701149425,0.716475095785441,0.804597701149425,0.89272030651341,0.567049808429119,0.96551724137931,0.984674329501916,2.8886459713459,0.0995425915602713,-0.465356848461935,1.12057970655741
"Gabe Vincent","NBA","G","MIA",0.800766283524904,0.122605363984674,0.432950191570881,0.578544061302682,0.639846743295019,0.210727969348659,0.0498084291187739,-1.79649009231889,-0.230019298583546,1.52823557116002,-0.491273510204469
"Gary Harris","NBA","G","DENORL",0.754789272030651,0.298850574712644,0.24904214559387,0.241379310344828,0.540229885057471,0.386973180076628,0.00383141762452107,-1.83322603124381,0.381858307664982,0.358481210145585,-1.26954319218906
"T.J. McConnell","NBA","G","IND",0.0459770114942529,0.885057471264368,0.363984674329502,0.988505747126437,0.969348659003831,0.735632183908046,0.697318007662835,3.00667516894833,0.733182721782915,1.14706051777685,-0.318161901729001
"Alex Caruso","NBA","G","CHILAL",0.448275862068966,0.559386973180077,0.0804597701149425,0.708812260536398,0.984674329501916,0.701149425287356,0.567049808429119,0.99980038806508,1.77886479032256,1.26165230508741,-0.437068832027583
"Corey Kispert","NBA","G-F","WAS",0.808429118773946,0.126436781609195,0.168582375478927,0.0766283524904215,0.0613026819923372,0.547892720306513,0.168582375478927,-2.64726467829974,0.547727436256757,-1.07046916432437,-0.966950466779078
"Damion Lee","NBA","G","GSWPHO",0.747126436781609,0.329501915708812,0.233716475095785,0.199233716475096,0.636015325670498,0.547892720306513,0.842911877394636,-0.763897280692035,1.67739329033027,-0.325051036496328,0.861498301118535
"Jamal Murray","NBA","G","DEN",0.567049808429119,0.590038314176245,0.877394636015326,0.735632183908046,0.325670498084291,0.578544061302682,0.383141762452107,0.369888193588679,-1.28133955957759,-0.0929127490276173,0.345399956788244
"Kenrich Williams","NBA","G-F","OKC",0.306513409961686,0.597701149425287,0.206896551724138,0.567049808429119,0.839080459770115,0.984674329501916,0.816091954022989,1.64223438043685,2.06174807138086,-0.0396314183904326,0.0597806038986569
"Landry Shamet","NBA","G","BRKPHO",0.923371647509579,0.114942528735632,0.386973180076628,0.314176245210728,0.291187739463602,0.0613026819923372,0.0498084291187739,-2.89157128428312,-0.634908334796303,0.552276980023144,-0.535682600359711
"Collin Sexton","NBA","G","CLEUTA",0.134099616858238,0.973180076628352,0.9272030651341,0.521072796934866,0.118773946360153,0.735632183908046,0.0153256704980843,1.29952188866308,-2.05506217759382,-1.4291638684097,-1.54490937812349
"Théo Maledon","NBA","G","CHOOKC",0.39463601532567,0.586206896551724,0.540229885057471,0.697318007662835,0.478927203065134,0.210727969348659,0.64367816091954,0.434120932123195,-0.69064126808358,0.526844803683566,0.391373575281407
"Davion Mitchell","NBA","G","SAC",0.348659003831418,0.402298850574713,0.432950191570881,0.727969348659004,0.218390804597701,0.114942528735632,0.0229885057471264,-0.797957914663177,-1.53555927360029,0.775335637130596,-1.36798128828927
"Hamidou Diallo","NBA","G","DETOKC",0.0229885057471264,0.988505747126437,0.716475095785441,0.134099616858238,0.850574712643678,0.938697318007663,0.954022988505747,2.78436054933082,1.07308482403482,-1.70662378467404,0.42949545202676
"Eric Bledsoe","NBA","G","LACNOP",0.371647509578544,0.647509578544061,0.559386973180077,0.693486590038314,0.647509578544061,0.268199233716475,0.501915708812261,0.698182984520421,-0.576354674465716,0.802360123646767,-0.00479193395045611
"Troy Brown Jr.","NBA","G-F","CHILALWAS",0.67816091954023,0.187739463601533,0.0459770114942529,0.222222222222222,0.701149425287356,0.831417624521073,0.869731800766284,-0.583294383711182,2.73033619441874,-0.371105055450344,0.609952453675117
"Garrison Mathews","NBA","G","ATLHOUWAS",0.89272030651341,0.137931034482759,0.137931034482759,0.0268199233716475,0.402298850574713,0.310344827586207,0.187739463601533,-2.76324398658805,0.821804217448103,-0.173240529753725,-0.751273486574889
"Jevon Carter","NBA","G","BRKMILPHO",0.915708812260536,0.0842911877394636,0.206896551724138,0.532567049808429,0.81992337164751,0.386973180076628,0.318007662835249,-1.64634968677518,1.17300886511594,1.586255001501,0.0240851836671226
"Danny Green","NBA","G-F","CLEMEMPHI",0.988505747126437,0.0191570881226054,0.130268199233716,0.191570881226054,0.934865900383142,0.685823754789272,0.409961685823755,-1.82452612511925,2.4587927374865,0.723223937701468,0.12436140606259
"Tre Jones","NBA","G","SAS",0.0344827586206897,0.934865900383142,0.421455938697318,0.9272030651341,0.521072796934866,0.666666666666667,0.375478927203065,2.25986832242895,-0.494811702712978,0.373966014444408,-1.23504912979085
"John Konchar","NBA","G","MEM",0.478927203065134,0.367816091954023,0.0191570881226054,0.42911877394636,0.946360153256705,0.950191570881226,0.96551724137931,0.822172801002539,3.06554595626684,0.14806487062962,0.533557993770082
"Nickeil Alexander-Walker","NBA","G","MINNOPUTA",0.628352490421456,0.371647509578544,0.735632183908046,0.444444444444444,0.574712643678161,0.386973180076628,0.609195402298851,-0.335144757154449,-0.238496611340306,0.0847208049451362,0.954131904228962
"Austin Rivers","NBA","G","DENMINNYK",0.724137931034483,0.145593869731801,0.0613026819923372,0.386973180076628,0.655172413793103,0.0421455938697318,0.0804597701149425,-2.19535989603361,0.45286580622138,1.48782302089686,-1.13284169022381
"Cameron Payne","NBA","G","PHO",0.498084291187739,0.532567049808429,0.78544061302682,0.885057471264368,0.724137931034483,0.210727969348659,0.64367816091954,0.749652098358273,-0.921174301571221,1.36636833899731,1.06820887819891
"Ricky Rubio","NBA","G","CLEMIN",0.329501915708812,0.662835249042146,0.513409961685824,0.96551724137931,0.900383141762452,0.210727969348659,0.71264367816092,1.48656648015186,-0.240687426552267,1.82999419256611,0.580579003935382
"Raul Neto","NBA","G","CLEWAS",0.153256704980843,0.762452107279693,0.337164750957854,0.701149425287356,0.816091954022989,0.210727969348659,0.206896551724138,1.03148642695078,-0.408035592736682,1.3560270117308,-1.44451201529341
"Austin Reaves","NBA","G","LAL",0.295019157088123,0.888888888888889,0.18007662835249,0.509578544061303,0.455938697318008,0.578544061302682,0.272030651340996,0.792626354573605,0.136677856067223,-0.196514609131922,-1.65773052420859
"Klay Thompson","NBA","G-F","GSW",0.9272030651341,0.18007662835249,0.923371647509579,0.0727969348659004,0.053639846743295,0.310344827586207,0.590038314176245,-2.2063903253183,-1.00060010691136,-1.47471738762098,1.49249521284889
"Josh Okogie","NBA","G","MINPHO",0.233716475095785,0.877394636015326,0.187739463601533,0.229885057471264,0.831417624521073,0.980842911877395,0.295019157088123,1.39702677264649,1.60831853213172,-0.660358975584554,-1.76483348139527
"Aaron Nesmith","NBA","G-F","BOSIND",0.601532567049808,0.340996168582375,0.306513409961686,0.0459770114942529,0.459770114942529,0.808429118773946,0.804597701149425,-0.534049311549929,1.72881480169002,-1.44660414822505,0.523881216815489
"Aaron Holiday","NBA","G","ATLINDPHOWAS",0.406130268199234,0.620689655172414,0.406130268199234,0.57088122605364,0.697318007662835,0.452107279693487,0.0651340996168582,0.192370129476149,-0.185020167498137,0.799286726057843,-1.40939299353898
"R.J. Hampton","NBA","G","DENDETORL",0.314176245210728,0.735632183908046,0.494252873563218,0.482758620689655,0.413793103448276,0.547892720306513,0.793103448275862,1.03073071391033,0.0496363076023146,-0.720419728239609,0.334167365111489
"Josh Green","NBA","G-F","DAL",0.24904214559387,0.674329501915709,0.153256704980843,0.348659003831418,0.71264367816092,0.919540229885057,0.409961685823755,1.02739026285083,1.58036224420817,-0.467724330978647,-1.31806665905559
"Jaylen Nowell","NBA","G","MIN",0.367816091954023,0.578544061302682,0.766283524904215,0.452107279693487,0.283524904214559,0.636015325670498,0.524904214559387,0.473575926116072,-0.671931786187814,-1.01092965082458,0.17344521961885
"Ben Simmons","NBA","G-F","BRKPHI",0,1,0.440613026819923,0.957854406130268,0.961685823754789,0.919540229885057,0.980842911877395,3.77719935669249,1.06776540740136,0.499807775842743,0.353484898798277
"Lonzo Ball","NBA","G","CHINOP",0.931034482758621,0.0766283524904215,0.551724137931034,0.796934865900383,0.931034482758621,0.547892720306513,0.816091954022989,-0.42214234696599,1.16610423128156,1.66889487615732,1.98640813589068
"Wesley Matthews","NBA","G","LALMIL",0.823754789272031,0.0613026819923372,0.0229885057471264,0.153256704980843,0.766283524904215,0.701149425287356,0.0421455938697318,-2.04001045851447,2.03402823321702,0.482767808003908,-1.3136534972764
"Payton Pritchard","NBA","G","BOS",0.904214559386973,0.0996168582375479,0.440613026819923,0.555555555555556,0.448275862068966,0.754789272030651,0.409961685823755,-1.31240179310551,0.775205446932628,0.232664675335904,0.447994668349381
"Bryn Forbes","NBA","G","DENMILMINSAS",0.908045977011494,0.199233716475096,0.586206896551724,0.0114942528735632,0.0268199233716475,0.0268199233716475,0.0229885057471264,-3.27215093963171,-1.33963140865495,-0.750105374488546,-0.534415959957618
"Quentin Grimes","NBA","G","NYK",0.888888888888889,0.0804597701149425,0.187739463601533,0.306513409961686,0.674329501915709,0.597701149425287,0.226053639846743,-1.88153076120893,1.43592417586735,0.587095985668763,-0.441777437070297
"Cody Martin","NBA","G-F","CHO",0.18007662835249,0.727969348659004,0.0421455938697318,0.547892720306513,0.888888888888889,0.931034482758621,0.681992337164751,1.87058900777466,2.13431551382198,0.119626365862845,-0.793515616717325
"Furkan Korkmaz","NBA","G","PHI",0.697318007662835,0.310344827586207,0.513409961685824,0.325670498084291,0.421455938697318,0.268199233716475,0.46360153256705,-1.26941272854935,-0.176264844349535,-0.0242213925512772,0.306902048124015
"Garrett Temple","NBA","G","CHINOP",0.60536398467433,0.222222222222222,0.114942528735632,0.375478927203065,0.770114942528736,0.547892720306513,0.318007662835249,-0.918772128142263,1.49233345133915,0.733938747850295,-0.725031694488629
"George Hill","NBA","G","INDMILOKCPHI",0.352490421455939,0.563218390804598,0.0613026819923372,0.601532567049808,0.781609195402299,0.597701149425287,0.118773946360153,0.313035533467132,0.955367995872942,1.01542274480116,-1.83800444325148
"Goran Dragić","NBA","G","BRKCHIMIAMILTOR",0.475095785440613,0.53639846743295,0.724137931034483,0.808429118773946,0.145593869731801,0.452107279693487,0.383141762452107,0.118575411522265,-1.48749663046835,-0.0419899420965611,0.0408083895450987
"Facundo Campazzo","NBA","G","DALDEN",0.674329501915709,0.268199233716475,0.153256704980843,0.842911877394636,0.96551724137931,0.310344827586207,0.111111111111111,-0.644975294065847,0.684027100413335,2.58643026058776,-0.891992755339768
"Kendrick Nunn","NBA","G","LALMIAWAS",0.662835249042146,0.272030651340996,0.708812260536398,0.367816091954023,0.363984674329502,0.153256704980843,0.375478927203065,-1.37905843067507,-0.960355069719172,0.0565109628502936,0.390938742460282
"Amir Coffey","NBA","G","LAC",0.482758620689655,0.636015325670498,0.233716475095785,0.360153256704981,0.471264367816092,0.452107279693487,0.260536398467433,-0.314929496147125,0.220491882169732,-0.106047525866347,-1.19907326612975
"Jalen Suggs","NBA","G","ORL",0.176245210727969,0.724137931034483,0.781609195402299,0.674329501915709,0.827586206896552,0.766283524904215,0.383141762452107,1.93117481149951,-0.173708699371423,0.262768006285641,-0.361239660145551
"Tre Mann","NBA","G","OKC",0.624521072796935,0.337164750957854,0.681992337164751,0.264367816091954,0.310344827586207,0.386973180076628,0.524904214559387,-0.979732971635424,-0.428355754381474,-0.723341504521385,0.545012597068935
"Jordan McLaughlin","NBA","G","MIN",0.325670498084291,0.475095785440613,0.053639846743295,0.938697318007663,0.942528735632184,0.547892720306513,0.14176245210728,0.718590911458953,0.925336650564044,2.17436815061843,-1.5932117457193
"Svi Mykhailiuk","NBA","G-F","CHODETNYKOKCTOR",0.766283524904215,0.183908045977011,0.528735632183908,0.344827586206897,0.501915708812261,0.547892720306513,0.440613026819923,-1.23888424267547,0.44958297134403,-0.0655241886074329,0.41135374847993
"Aaron Wiggins","NBA","G","OKC",0.210727969348659,0.67816091954023,0.206896551724138,0.21455938697318,0.35632183908046,0.911877394636015,0.524904214559387,0.72259996106322,1.13509878471793,-1.57660274795401,-1.10757564005664
"Cade Cunningham","NBA","G","DET",0.252873563218391,0.651340996168582,0.931034482758621,0.854406130268199,0.478927203065134,0.666666666666667,0.923371647509579,1.99863587508184,-0.710699375252639,-0.237282749724553,1.46183870559759
"Danuel House Jr.","NBA","G","HOUNYKPHIUTA",0.586206896551724,0.444444444444444,0.203065134099617,0.264367816091954,0.409961685823755,0.360153256704981,0.739463601532567,-0.715651790635721,0.793514846429476,-0.444964347229487,0.264900677723736
"Kemba Walker","NBA","G","BOSDALNYK",0.708812260536398,0.42911877394636,0.823754789272031,0.720306513409962,0.440613026819923,0.114942528735632,0.609195402298851,-0.43186513567793,-1.33608684035419,0.749696319485503,1.28529950537927
"Terence Davis","NBA","G","SACTOR",0.835249042145594,0.157088122605364,0.766283524904215,0.14176245210728,0.57088122605364,0.452107279693487,0.869731800766284,-1.15548090906994,0.558506643786519,-0.630939932184071,1.99028984358929
"Dennis Smith Jr.","NBA","G","CHODETNYKPOR",0.0498084291187739,0.888888888888889,0.440613026819923,0.877394636015326,0.973180076628352,0.578544061302682,0.517241379310345,2.58302456973002,0.239398152123953,1.18206588065021,-0.674924273570683
"Ish Smith","NBA","G","CHODENWAS",0.0727969348659004,0.781609195402299,0.475095785440613,0.911877394636015,0.551724137931034,0.452107279693487,0.71264367816092,2.02208943398085,-0.418670027937073,0.536847024674745,-0.049099071351319
"Chris Duarte","NBA","G","IND",0.494252873563218,0.513409961685824,0.628352490421456,0.164750957854406,0.237547892720307,0.597701149425287,0.720306513409962,-0.21163386828347,0.0206367155280053,-1.63417483336332,0.581650714322808
"Ty Jerome","NBA","G","GSWOKC",0.636015325670498,0.318007662835249,0.455938697318008,0.78544061302682,0.559386973180077,0.153256704980843,0.187739463601533,-0.87646590885063,-0.740722787861911,1.59719561552614,-0.376479200405805
"Bones Hyland","NBA","G","DENLAC",0.850574712643678,0.279693486590038,0.885057471264368,0.636015325670498,0.310344827586207,0.153256704980843,0.739463601532567,-1.00851461773596,-1.23380156191839,0.305949882680645,1.94948506225294
"Isaiah Joe","NBA","G","OKCPHI",0.96551724137931,0.0727969348659004,0.375478927203065,0.122605363984674,0.363984674329502,0.268199233716475,0.333333333333333,-2.71840303734173,0.336486593275853,-0.134055359995457,0.181307338775261
"Victor Oladipo","NBA","G","HOUINDMIA",0.517241379310345,0.540229885057471,0.85823754789272,0.628352490421456,0.739463601532567,0.114942528735632,0.766283524904215,0.49160538955109,-0.854986461014248,0.827392163286326,1.45923398626851
"Markelle Fultz","NBA","G","ORL",0.0191570881226054,0.954022988505747,0.762452107279693,0.946360153256705,0.885057471264368,0.789272030651341,0.425287356321839,3.09082965077766,-0.43660800452456,0.710963553117159,-0.545255253935464
"Jaden Ivey","NBA","G","DET",0.279693486590038,0.900383141762452,0.873563218390805,0.793103448275862,0.0842911877394636,0.754789272030651,0.383141762452107,1.51093622664987,-1.73591026344331,-1.00039738011646,-0.330511945118939
"Jalen Williams","NBA","G","OKC",0.122605363984674,0.854406130268199,0.482758620689655,0.513409961685824,0.896551724137931,0.831417624521073,0.64367816091954,2.29558433903171,0.942307074427103,-0.154284583171108,-0.360121711655001
"Derrick Rose","NBA","G","DETNYK",0.241379310344828,0.739463601532567,0.842911877394636,0.835249042145594,0.647509578544061,0.452107279693487,0.233716475095785,1.40019927337527,-1.37288138114331,0.767835227875385,-0.497683774089745
"Bennedict Mathurin","NBA","G-F","IND",0.137931034482759,0.980842911877395,0.850574712643678,0,0.0114942528735632,0.865900383141762,0.524904214559387,1.15759534779145,-0.878409475095679,-3.26425543044676,-0.557336464689215
"Lou Williams","NBA","G","ATLLAC",0.283524904214559,0.846743295019157,0.835249042145594,0.651340996168582,0.199233716475096,0.310344827586207,0.168582375478927,0.638110345768459,-2.24873864976558,-0.323659988464414,-0.83688343358786
"Tomáš Satoranský","NBA","G","CHINOPSASWAS",0.103448275862069,0.796934865900383,0.160919540229885,0.934865900383142,0.601532567049808,0.666666666666667,0.35632183908046,1.78994448334504,0.273818514067155,0.832806810799475,-1.48307581427548
"Ben McLemore","NBA","G","HOULALPOR",0.977011494252874,0.0498084291187739,0.651340996168582,0.00766283524904215,0.0727969348659004,0.0804597701149425,0.14176245210728,-3.43352178555327,-1.05436965186921,-0.726391955008737,0.0751810799350179
"Malachi Flynn","NBA","G","TOR",0.620689655172414,0.333333333333333,0.421455938697318,0.632183908045977,0.609195402298851,0.210727969348659,0.590038314176245,-0.531883035973891,0.0247296485749387,1.01384789631151,0.545337250235496
"Jose Alvarado","NBA","G","NOP",0.398467432950192,0.471264367816092,0.559386973180077,0.773946360153257,0.980842911877395,0.597701149425287,0.272030651340996,0.890719268714956,0.313478214031065,1.47629062742897,-0.423386719755554
"Cam Thomas","NBA","G","BRK",0.157088122605364,0.842911877394636,0.854406130268199,0.0613026819923372,0.0881226053639847,0.0804597701149425,0.574712643678161,0.195974581925322,-1.93018187303131,-1.90634717167777,-0.0763244138706748
"Josh Christopher","NBA","G","HOU",0.114942528735632,0.71264367816092,0.681992337164751,0.482758620689655,0.340996168582375,0.789272030651341,0.252873563218391,1.157636644458,-0.639478755249021,-1.01802656216464,-1.11323358380519
"Andrew Nembhard","NBA","G","IND",0.383141762452107,0.417624521072797,0.298850574712644,0.831417624521073,0.386973180076628,0.310344827586207,0.118773946360153,-0.317169592228098,-0.681344477956502,1.10483524258359,-1.26143660814267
"John Wall","NBA","G","HOULAC",0.245210727969349,0.831417624521073,0.961685823754789,0.942528735632184,0.191570881226054,0.153256704980843,0.318007662835249,1.05852601499551,-2.88228070026131,0.332404220243408,-0.145002382517823
"Elfrid Payton","NBA","G","NYKPHO",0.0306513409961686,0.915708812260536,0.708812260536398,0.724137931034483,0.71264367816092,0.873563218390805,0.524904214559387,2.71659679937417,-0.1196880762162,-0.232940453778767,-0.459661263698204
"D.J. Augustin","NBA","G","HOULALMIL",0.862068965517241,0.237547892720307,0.275862068965517,0.747126436781609,0.0498084291187739,0.153256704980843,0.0229885057471264,-2.26307098151869,-1.14850564850815,0.910071542945762,-0.868564901045035
"Avery Bradley","NBA","G","HOULALMIA",0.804597701149425,0.10727969348659,0.0804597701149425,0.126436781609195,0.609195402298851,0.386973180076628,0.0881226053639847,-2.37466574095376,1.19327956381738,0.421775682369696,-1.13267468428354
"Frank Jackson","NBA","G","DETUTA",0.64367816091954,0.406130268199234,0.662835249042146,0.0191570881226054,0.0957854406130268,0.310344827586207,0.0881226053639847,-1.8928918967209,-1.11459463052619,-1.32123608579133,-0.781595662251816
"Romeo Langford","NBA","G","BOSSAS",0.126436781609195,0.75095785440613,0.14176245210728,0.0881226053639847,0.498084291187739,0.938697318007663,0.14176245210728,0.642649986037185,1.17292987918005,-1.41940204393447,-2.40364962262742
"Sterling Brown","NBA","G","DALHOULAL",0.827586206896552,0.111111111111111,0.111111111111111,0.252873563218391,0.662835249042146,0.808429118773946,0.973180076628352,-0.899496340574888,2.67926913266321,-0.326108453494602,1.24177503288166
"Kent Bazemore","NBA","G-F","GSWLAL",0.685823754789272,0.413793103448276,0.24904214559387,0.333333333333333,0.950191570881226,0.42911877394636,0.839080459770115,-0.143696530414622,1.72363189231933,0.644503505910542,0.879334978365769
"Dwayne Bacon","NBA","G","ORL",0.0881226053639847,0.823754789272031,0.597701149425287,0.0344827586206897,0.122605363984674,0.210727969348659,0.486590038314176,0.202148973144046,-1.20115702059021,-1.88503386394917,-0.817485492354121
"Wayne Ellington","NBA","G","DETLAL",1,0.0114942528735632,0.24904214559387,0.160919540229885,0.222222222222222,0.0804597701149425,0.103448275862069,-3.48942775918173,-0.1277932157167,0.20093577813668,-0.509481534814765
"Tony Snell","NBA","G-F","ATLNOPPOR",0.938697318007663,0.0344827586206897,0,0.295019157088123,0.371647509578544,0.386973180076628,0.440613026819923,-2.51767350288746,1.30079717361294,0.270769725932241,-0.092873287048211
"Shaedon Sharpe","NBA","G","POR",0.440613026819923,0.490421455938697,0.528735632183908,0.053639846743295,0.0344827586206897,0.850574712643678,0.501915708812261,-0.472911787035321,0.210842016593982,-2.41392209450583,-0.346415536592302
"Saben Lee","NBA","G","DETPHIPHO",0.053639846743295,0.984674329501916,0.413793103448276,0.915708812260536,0.908045977011494,0.701149425287356,0.524904214559387,2.8631540502625,0.291649991084643,0.937512047825918,-0.789763834562558
"Jeremy Lamb","NBA","G-F","INDSAC",0.524904214559387,0.628352490421456,0.540229885057471,0.252873563218391,0.689655172413793,0.735632183908046,0.865900383141762,0.738907093798856,1.09930724610536,-0.839689482808339,0.885020207501836
"Gary Payton II","NBA","G","GSWPOR",0.226053639846743,0.624521072796935,0.130268199233716,0.279693486590038,0.996168582375479,0.969348659003831,0.854406130268199,1.63385266507576,2.68439931707055,-0.399238217495388,-0.146289024413364
"Rodney Hood","NBA","G-F","LACMILPORTOR",0.444444444444444,0.314176245210728,0.0613026819923372,0.203065134099617,0.222222222222222,0.509578544061303,0.187739463601533,-1.39004203258208,0.61025750472822,-0.687131819939226,-1.60172250104075
"Frank Ntilikina","NBA","G","DALNYK",0.57088122605364,0.35632183908046,0.222222222222222,0.46360153256705,0.839080459770115,0.210727969348659,0.318007662835249,-0.736333142308013,0.631031704056224,1.33567262172367,-0.575227786255492
"Edmond Sumner","NBA","G","BRKIND",0.195402298850575,0.923371647509579,0.616858237547893,0.183908045977011,0.547892720306513,0.42911877394636,0.252873563218391,0.823328241753366,-0.659505326566009,-0.871143056679395,-1.24132731919631
"Malaki Branham","NBA","G","SAS",0.298850574712644,0.448275862068966,0.540229885057471,0.298850574712644,0.0306513409961686,0.310344827586207,0.486590038314176,-0.602615514687646,-0.931107429088681,-1.22261790033483,-0.311805036905768
"PJ Dozier","NBA","G","DENSAC",0.333333333333333,0.486590038314176,0.367816091954023,0.35632183908046,0.624521072796935,0.808429118773946,0.881226053639847,0.880522414538011,1.46462234204197,-0.752751016246232,0.516410417290529
"Kira Lewis Jr.","NBA","G","NOP",0.28735632183908,0.567049808429119,0.574712643678161,0.620689655172414,0.586206896551724,0.310344827586207,0.118773946360153,0.254149873866484,-0.912429212160206,0.714644759949776,-1.0936041527822
"Rodney McGruder","NBA","G","DET",0.846743295019157,0.160919540229885,0.222222222222222,0.302681992337165,0.402298850574713,0.85823754789272,0.524904214559387,-1.34109914299019,1.60079053283883,-0.572310118995932,0.167999552736453
"Rajon Rondo","NBA","G","ATLCLELACLAL",0.540229885057471,0.360153256704981,0.340996168582375,0.984674329501916,0.85823754789272,0.547892720306513,0.766283524904215,0.822594921735155,0.940826464715059,1.7206362330443,0.865103490263883
"Moses Moody","NBA","G","GSW",0.670498084291188,0.295019157088123,0.206896551724138,0.111111111111111,0.157088122605364,0.766283524904215,0.35632183908046,-1.4975263127135,0.952713623392291,-1.41311824641685,-0.728070338862034
"Brad Wanamaker","NBA","G","CHOGSWINDWAS",0.00766283524904215,0.938697318007663,0.32183908045977,0.827586206896552,0.67816091954023,0.310344827586207,0.226053639846743,1.76643737935512,-0.699777810991081,1.0539490506426,-1.74218100440646
"Armoni Brooks","NBA","G","HOUTOR",0.984674329501916,0.00766283524904215,0.367816091954023,0.233716475095785,0.134099616858238,0.452107279693487,0.524904214559387,-2.59812153777712,0.454096943895814,-0.638427738473354,0.694195060452737
"Duane Washington Jr.","NBA","G","INDPHO",0.78544061302682,0.348659003831418,0.877394636015326,0.409961685823755,0.0421455938697318,0,0.206896551724138,-1.96195363044887,-2.28609384208149,-0.242603942809621,0.291032641407091
"Trey Burke","NBA","G","DAL",0.486590038314176,0.459770114942529,0.704980842911877,0.436781609195402,0.436781609195402,0.0421455938697318,0,-1.01658662981925,-1.66198994207681,0.534809905859845,-0.90543382319568
"Trent Forrest","NBA","G","ATLUTA",0.00383141762452107,0.9272030651341,0.0804597701149425,0.754789272030651,0.873563218390805,0.724137931034483,0.46360153256705,2.39616399290046,1.08280287149986,0.724523297984931,-1.56559464024009
"David Nwaba","NBA","G","HOU",0.0651340996168582,0.931034482758621,0.306513409961686,0.118773946360153,0.796934865900383,0.969348659003831,0.911877394636015,2.28024956714264,1.92203664881432,-1.55959757851914,-0.250502437158065
"Denzel Valentine","NBA","G","CHICLEUTA",0.854406130268199,0.0919540229885057,0.509578544061303,0.390804597701149,0.528735632183908,0.666666666666667,0.954022988505747,-0.896944873531874,1.29890494311053,-0.287428782877381,1.91414072474977
"Ochai Agbaji","NBA","G","UTA",0.720306513409962,0.252873563218391,0.28735632183908,0.114942528735632,0.0383141762452107,0.831417624521073,0.0153256704980843,-1.98377193300689,0.41067618739939,-1.48777341579483,-1.44850156770193
"Christian Braun","NBA","G","DEN",0.168582375478927,0.731800766283525,0.0957854406130268,0.134099616858238,0.67816091954023,0.900383141762452,0.689655172413793,1.20440161872682,2.01956470578399,-1.21895013705709,-0.893942993938492
"Daishen Nix","NBA","G","HOU",0.417624521072797,0.379310344827586,0.28735632183908,0.743295019157088,0.252873563218391,0.452107279693487,0.283524904214559,-0.388830051524845,-0.347047545259533,0.405771563660901,-0.865056780973678
"Miles McBride","NBA","G","NYK",0.613026819923372,0.191570881226054,0.176245210727969,0.524904214559387,0.9272030651341,0.153256704980843,0.0344827586206897,-1.32023885974425,0.572863593271136,2.05479990786729,-1.16820837145161
"Brandon Goodwin","NBA","G","ATLCLE",0.363984674329502,0.593869731800766,0.513409961685824,0.81992337164751,0.704980842911877,0.42911877394636,0.425287356321839,0.896694580033145,-0.279680085024364,1.09512242091566,-0.229452936080151
"Keon Johnson","NBA","G","LACPOR",0.459770114942529,0.60536398467433,0.75095785440613,0.551724137931034,0.241379310344828,0.754789272030651,0.14176245210728,0.191967033314438,-0.983389963534076,-0.728588942885696,-0.764598320479078
"Jordan Goodwin","NBA","G","WAS",0.149425287356322,0.693486590038314,0.386973180076628,0.747126436781609,0.957854406130268,0.954022988505747,0.823754789272031,2.52662955246813,1.54705945694964,0.379606159952639,0.185987770714874
"Joshua Primo","NBA","G","SAS",0.386973180076628,0.498084291187739,0.275862068965517,0.417624521072797,0.153256704980843,0.735632183908046,0.187739463601533,-0.376759706038999,0.0712232523114511,-0.900663064866769,-1.46471461319646
"Dyson Daniels","NBA","G","NOP",0.218390804597701,0.57088122605364,0.0306513409961686,0.704980842911877,0.915708812260536,0.831417624521073,0.9272030651341,1.82816990268374,2.2843671948159,0.613615288105219,0.0845810457548662
"Davon Reed","NBA","G","DENLAL",0.75095785440613,0.302681992337165,0.0804597701149425,0.39463601532567,0.758620689655172,0.636015325670498,0.881226053639847,-0.425145432694424,2.21425740875101,0.318204282881249,0.824165468231979
"Brandon Boston Jr.","NBA","G-F","LAC",0.21455938697318,0.800766283524904,0.793103448275862,0.0842911877394636,0.524904214559387,0.578544061302682,0.632183908045977,1.03709502343161,-0.242394249060322,-1.59811252890993,0.0752817128586669
"Mychal Mulder","NBA","G-F","GSWMIAORL",0.980842911877395,0.0229885057471264,0.298850574712644,0.00383141762452107,0.0613026819923372,0.0421455938697318,0.0498084291187739,-3.84135063521317,-0.468217049406818,-0.423252116391752,-0.689265099103158
"Lindy Waters III","NBA","G","OKC",0.996168582375479,0.00383141762452107,0.32183908045977,0.0957854406130268,0.421455938697318,0.452107279693487,0.758620689655172,-2.3121769572538,1.35102670587241,-0.51024059640321,1.27219075253224
"Dylan Windler","NBA","G-F","CLE",0.590038314176245,0.206896551724138,0.114942528735632,0.352490421455939,0.81992337164751,0.873563218390805,0.950191570881226,0.0518390513087048,2.76303382039502,-0.0564027247841386,0.865331105437183
"Terry Taylor","NBA","G-F","CHIIND",0.0383141762452107,0.908045977011494,0.24904214559387,0.14176245210728,0.00383141762452107,1,0.486590038314176,1.12646437608933,0.445820980986799,-2.76741149117766,-1.65660040108041
"Dalano Banton","NBA","G-F","TOR",0.0957854406130268,0.758620689655172,0.528735632183908,0.681992337164751,0.831417624521073,0.931034482758621,0.823754789272031,2.60418664479231,1.01282363398509,-0.132273091456977,0.245002119574501
"Jarrett Culver","NBA","G","ATLMEMMIN",0.0689655172413793,0.816091954022989,0.513409961685824,0.0996168582375479,0.582375478927203,0.961685823754789,0.862068965517241,1.88580045176983,1.21453711210074,-2.02236484545456,-0.0233142969227448
"Jeff Teague","NBA","G","BOSMIL",0.32183908045977,0.961685823754789,0.413793103448276,0.64367816091954,0.478927203065134,0.210727969348659,0.0881226053639847,0.621960540034053,-1.26677837523286,0.576705122771433,-1.65954392549826
"Kris Dunn","NBA","G","ATLPORUTA",0.0613026819923372,0.957854406130268,0.559386973180077,0.961685823754789,0.923371647509579,0.360153256704981,0.896551724137931,2.92532803070988,-0.182382072338066,1.20046271558601,0.54722134565921
"Damyean Dotson","NBA","G","CLENYK",0.436781609195402,0.245210727969349,0.35632183908046,0.53639846743295,0.0766283524904215,0.00766283524904215,0.46360153256705,-1.37808297424288,-1.0006065253353,0.108935236291977,-0.170252603153756
"Admiral Schofield","NBA","G-F","ORL",0.578544061302682,0.195402298850575,0.168582375478927,0.272030651340996,0.164750957854406,0.900383141762452,0.727969348659004,-0.843405586825133,1.5508190021198,-1.4215342298591,0.175607982037486
"Vit Krejci","NBA","G","ATLOKC",0.509578544061303,0.172413793103448,0.053639846743295,0.494252873563218,0.375478927203065,0.666666666666667,0.697318007662835,-0.637615772793533,1.50420263566605,-0.151127130261499,0.0215918175914352
"Michael Carter-Williams","NBA","G","ORL",0.0421455938697318,0.961685823754789,0.620689655172414,0.816091954022989,0.528735632183908,0.900383141762452,0.747126436781609,2.89279704436083,-0.0645422064548147,-0.534545306905322,-0.0424061703118929
"Chasson Randle","NBA","G","ORL",0.574712643678161,0.352490421455939,0.275862068965517,0.455938697318008,0.233716475095785,0.0153256704980843,0.233716475095785,-1.62542766635999,-0.793144434063868,0.428782346919668,-0.798227812845879
"James Bouknight","NBA","G","CHO",0.532567049808429,0.46360153256705,0.659003831417625,0.203065134099617,0.0574712643678161,0.808429118773946,0.674329501915709,-0.304706395084151,-0.00471153253318459,-2.10469667755314,0.519195141483566
"Lance Stephenson","NBA","G-F","ATLIND",0.0919540229885057,0.839080459770115,0.75095785440613,0.888888888888889,0.134099616858238,0.153256704980843,0.908045977011494,1.66642343338758,-1.9366238791971,-0.251349576948323,0.849556215365417
"Caleb Houstan","NBA","G-F","ORL",0.877394636015326,0.0383141762452107,0.0268199233716475,0.103448275862069,0.183908045977011,0.885057471264368,0.14176245210728,-2.52565340554201,1.61544730278704,-1.01674633315392,-1.14687016912982
"Bryce McGowens","NBA","G-F","CHO",0.199233716475096,0.888888888888889,0.222222222222222,0.283524904214559,0.0766283524904215,0.597701149425287,0.295019157088123,0.393149494231394,-0.300012159634087,-1.55121773293898,-1.82384688295023
"Matt Thomas","NBA","G","CHITORUTA",0.85823754789272,0.118773946360153,0.340996168582375,0.0651340996168582,0.0191570881226054,0.103448275862069,0.582375478927203,-2.81168434825894,-0.148323631114098,-0.94653234343971,0.554599871853496
"Tyler Johnson","NBA","G","BRKPHISAS",0.900383141762452,0.053639846743295,0.0957854406130268,0.318007662835249,0.291187739463602,0.0804597701149425,0.425287356321839,-2.75821009417337,0.420393041947487,0.483830126000296,0.0134293898728206
"J.J. Redick","NBA","G","DALNOP",0.881226053639847,0.164750957854406,0.551724137931034,0.157088122605364,0,0.00766283524904215,0.130268199233716,-3.0825480502797,-1.33941785976109,-0.49519961302729,-0.264233221996934
"Justin Jackson","NBA","G-F","BOSMILOKCPHO",0.555555555555556,0.264367816091954,0.498084291187739,0.406130268199234,0.329501915708812,0.636015325670498,0.609195402298851,-0.556353126322878,0.387479995076865,-0.630597955609592,0.441475979221622
"Jaden Hardy","NBA","G","DAL",0.735632183908046,0.547892720306513,0.904214559386973,0.291187739463602,0.0689655172413793,0.268199233716475,0.720306513409962,-0.816977433000465,-1.41871522075221,-1.30540697450723,1.38348166543222
"MarJon Beauchamp","NBA","G","MIL",0.716475095785441,0.233716475095785,0.475095785440613,0.0229885057471264,0.398467432950192,0.954022988505747,0.440613026819923,-1.12076922469392,1.29281621078778,-1.53521885189116,-0.00346829644370816
"Ryan Arcidiacono","NBA","G","CHINYKPOR",0.812260536398467,0.153256704980843,0.0383141762452107,0.639846743295019,0.471264367816092,0.0153256704980843,0.758620689655172,-1.63923138001827,0.655302662604707,1.34153763265841,0.787780451219407
"Skylar Mays","NBA","G","ATLPOR",0.375478927203065,0.616858237547893,0.440613026819923,0.758620689655172,0.505747126436782,0.636015325670498,0.295019157088123,0.710619201181329,-0.189052274882803,0.42631627532557,-0.802507919840771
"Blake Wesley","NBA","G","SAS",0.268199233716475,0.827586206896552,0.486590038314176,0.655172413793103,0.18007662835249,0.210727969348659,0.590038314176245,0.696307606403442,-1.28179584144778,-0.294668455875667,-0.253604832942229
"Brandon Williams","NBA","G","POR",0.229885057471264,0.835249042145594,0.89272030651341,0.685823754789272,0.130268199233716,0.701149425287356,0.260536398467433,1.2377920920942,-1.78188716808945,-0.999312359862813,-0.657749794087358
"Chris Chiozza","NBA","G","BRKGSW",0.701149425287356,0.218390804597701,0.318007662835249,0.904214559386973,0.509578544061303,0.452107279693487,0.0996168582375479,-0.929571406304925,-0.140385392556019,1.61592841765408,-0.705687990135406
"David Duke Jr.","NBA","G","BRK",0.0268199233716475,0.808429118773946,0.406130268199234,0.18007662835249,0.42911877394636,0.996168582375479,0.333333333333333,1.37389138456357,0.650363653517144,-1.78993654610919,-1.65058837332689
"Keifer Sykes","NBA","G","IND",0.452107279693487,0.291187739463602,0.39463601532567,0.513409961685824,0.0229885057471264,0.114942528735632,0.0383141762452107,-1.65755737757688,-1.43000209845717,0.0533271701528313,-1.29252983278503
"Miye Oni","NBA","G","UTA",0.957854406130268,0,0.00383141762452107,0.329501915708812,0.793103448275862,0.885057471264368,0.632183908045977,-1.42886308801618,2.9385493942519,0.423587862482288,0.460468575546918
"Langston Galloway","NBA","G","BRKMILPHO",0.796934865900383,0.203065134099617,0.32183908045977,0.203065134099617,0.157088122605364,0.386973180076628,0.283524904214559,-2.21611241789782,0.0527870563174589,-0.613259411516453,-0.391002054595727
"Max Christie","NBA","G","LAL",0.816091954022989,0.229885057471264,0.0114942528735632,0.130268199233716,0.513409961685824,0.114942528735632,0.78544061302682,-1.94398303132051,1.35276190804318,0.107237896185162,0.571418761255307
"Theo Pinson","NBA","G","DALNYK",0.831417624521073,0.0881226053639847,0.187739463601533,0.67816091954023,0.379310344827586,0.597701149425287,0.946360153256705,-0.941296820462625,1.36342103595867,0.3382383440892,1.44918131911087
"DaQuan Jeffries","NBA","G-F","HOUMEMSAC",0.425287356321839,0.134099616858238,0.0344827586206897,0.164750957854406,0.24904214559387,0.850574712643678,0.609195402298851,-0.959656890449263,1.86075594796597,-1.32216141886866,-0.51005606464047
"Isaac Bonga","NBA","G","TORWAS",0.35632183908046,0.325670498084291,0.0114942528735632,0.245210727969349,0.846743295019157,0.873563218390805,0.409961685823755,0.0472783693466527,2.40893694952882,-0.0262506020088759,-1.14499947816136
"Shaquille Harrison","NBA","G","BRKDENPORUTA",0.0114942528735632,0.946360153256705,0.164750957854406,0.624521072796935,0.988505747126437,0.386973180076628,0.869731800766284,2.43637100961025,1.04707631471335,0.765474622588692,-0.30808068580956
"Brodric Thomas","NBA","G","BOSCLEHOU",0.260536398467433,0.704980842911877,0.35632183908046,0.432950191570881,0.75095785440613,0.509578544061303,0.727969348659004,1.16673508642758,0.776242855172748,-0.0171439607061785,-0.0351716990961028
"Kevon Harris","NBA","G","ORL",0.291187739463602,0.850574712643678,0.14176245210728,0.0306513409961686,0.639846743295019,0.977011494252874,0.333333333333333,0.817024186428898,1.65799922385333,-1.42283307283027,-1.7539309308067
"Paul Watson","NBA","G","OKCTOR",0.969348659003831,0.0268199233716475,0.0766283524904215,0.245210727969349,0.337164750957854,0.153256704980843,0.904214559386973,-2.46183925262153,1.23622896340556,0.0648860539953586,1.32564534113894
"Jared Butler","NBA","G","OKCUTA",0.770114942528736,0.168582375478927,0.75095785440613,0.770114942528736,0.900383141762452,0.114942528735632,0.333333333333333,-0.820655269767978,-0.578367701343861,2.16725855705373,0.829656645622465
"Matthew Dellavedova","NBA","G","CLESAC",0.344827586206897,0.28735632183908,0.0613026819923372,0.969348659003831,0.145593869731801,0.268199233716475,0.0498084291187739,-0.818291119628212,-0.719253672960532,1.24468348332049,-1.76477709744248
"TyTy Washington Jr.","NBA","G","HOU",0.318007662835249,0.283524904214559,0.39463601532567,0.544061302681992,0.256704980842912,0,0.440613026819923,-0.902808036546147,-0.911566758407678,0.389896730148729,-0.308404175470093
"Johnny Davis","NBA","G","WAS",0.172413793103448,0.521072796934866,0.636015325670498,0.0766283524904215,0.0881226053639847,0.597701149425287,0.793103448275862,0.223402011224281,-0.164077912643993,-2.34933001081703,0.29933219855116
"Kyle Guy","NBA","G","MIASAC",0.632183908045977,0.344827586206897,0.597701149425287,0.498084291187739,0.210727969348659,0.509578544061303,0.524904214559387,-0.716860886366329,-0.416756385015158,-0.502534864134331,0.450777540350302
